
/*---------------------------------------------Insertion in table Members------------------------------------------------------*/

insert into Members values('abdokhaled30@hotmail.com','abdo1234','strategy')
insert into Members values('Aty@gmail.com','aty1234','Action')
insert into Members values('José@hotmail.com','José1234','RPG')
insert into Members values('Silm@hotmail.com','mono1234','Sport')
insert into Members values('Karim_ismail@hotmail.com','karim1234','strategy')
insert into Members values('Hazam_ayman@hotmail.com','hazam1234','RPG')
insert into Members values('Mousa666@hotmail.com','mousa1234','action')
insert into Members values('Tag@hotmail.com','tag1234','strategy')
insert into Members values('Hatem@hotmail.com','hatem1234','Action')
insert into Members values('Nazih@hotmail.com','nazih1234','sport')
insert into Members values('Rustom@hotmail.com','rustom1234','strategy')
insert into Members values('shakira@hotmail.com','shakira1234','sport')
insert into Members values('katyperry@hotmail.com','ketyperry1234','Action')
insert into Members values('Elissa@hotmail.com','Elisa1234','strategy')
insert into Members values('Rana@hotmail.com','rana5','RPG')
insert into Members values('Merna@hotmail.com','merna1','sport')
insert into Members values('Heba@hotmail.com','heba3','sport')
insert into Members values('Maha@hotmail.com','maha4','strategy')
insert into Members values('Omnyya@hotmail.com','omnyya1234','Action')
insert into Members values('Arwa@hotmail.com','arwa1234','Action')
insert into Members values('Fadwa@hotmail.com','fadwa1234','RPG')
insert into Members values('Nada@hotmail.com','nada1234','Sport')
insert into Members values('chaloine@hotmail.com','chaloine1234','Strategy')
insert into Members values('Hossam@hotmail.com','hossam1234','RPG')
insert into Members values('tarek@hotmail.com','tarek1234','Action')
insert into Members values('elsisi@hotmail.com','elsisi1234','Strategy')
insert into Members values('kholi@hotmail.com','kholi1234','Action')
insert into Members values('belal@hotmail.com','belal1234','Sport')
insert into Members values('Hossam_Galy@hotmail.com','hossamGaly1234','RPG')
insert into Members values('Abo_treka@hotmail.com','abo_treka1234','Action')
insert into Members values('Ubisoft@hotmail.com','ubisoft1234','Action')
insert into Members values('Activation@hotmail.com','activation1234','RPG')
insert into Members values('SquareEinx@hotmail.com','squareeinx1234','Strategy')
insert into Members values('RockStar@hotmail.com','rock1234','Sport')
insert into Members values('naughtdog@hotmail.com','naught1234','Action')
insert into Members values('EA@hotmail.com','ea1234','Sport')
insert into Members values('Egy@hotmail.com','egyTeam','Sport')

  /*-----------------------------------------Insertion in table Normal_Users--------------------------------------------------*/

insert into Normal_Users values('Abdelrahman','Khaled','2-2-1995','abdokhaled30@hotmail.com')
insert into Normal_Users values('Mahmoud','Aty','1995-2-25' ,'Aty@gmail.com')
insert into Normal_Users values('Manuel','José','1976-7-31 ','José@hotmail.com')
insert into Normal_Users values('Silm','Slmawy','1876-12-4' ,'Silm@hotmail.com')
insert into Normal_Users values('Karim','Ismail','1987-6-18' ,'Karim_ismail@hotmail.com')
insert into Normal_Users values('Hazam','Ayman','2015-9-18' ,'Hazam_ayman@hotmail.com')
insert into Normal_Users values('Mahamed','Mousa','2012-12-12'  ,'Mousa666@hotmail.com')
insert into Normal_Users values('Omar','Tag','1994-7-27'  ,'Tag@hotmail.com')
insert into Normal_Users values('Hatem','Elsayed','1991-4-19'  ,'Hatem@hotmail.com')
insert into Normal_Users values('Ahmed','Nazih','2001-10-10'  ,'Nazih@hotmail.com')
insert into Normal_Users values('Rustom','Elbatel','2011-11-11'  ,'Rustom@hotmail.com')
insert into Normal_Users values('shakria','Abo-shakria','1981-1-1 ' ,'shakira@hotmail.com')
insert into Normal_Users values('Kety','Perry','1996-4-5'  ,'katyperry@hotmail.com')
insert into Normal_Users values('Elissa','Agmal_A7sas','1982-9-8' ,'Elissa@hotmail.com')
insert into Normal_Users values('Rana','El5ams', '1995-11-30  ','Rana@hotmail.com')
/*-----------------------------------------Insertion in table Normal_Users_add_friend_Normal_Users--------------------------------------------------*/

insert into Normal_Users_add_friend_Normal_Users values(1,'abdokhaled30@hotmail.com','Rana@hotmail.com')
insert into Normal_Users_add_friend_Normal_Users values(0,'Elissa@hotmail.com','Mousa666@hotmail.com')
insert into Normal_Users_add_friend_Normal_Users values(0,'Hatem@hotmail.com','Tag@hotmail.com')
insert into Normal_Users_add_friend_Normal_Users values(1,'Silm@hotmail.com','abdokhaled30@hotmail.com')
insert into Normal_Users_add_friend_Normal_Users values(1,'Hatem@hotmail.com','Rustom@hotmail.com')
insert into Normal_Users_add_friend_Normal_Users values(0,'Hazam_ayman@hotmail.com','Elissa@hotmail.com')
insert into Normal_Users_add_friend_Normal_Users values(1,'José@hotmail.com','shakira@hotmail.com')
insert into Normal_Users_add_friend_Normal_Users values(0,'Aty@gmail.com','Nazih@hotmail.com')
insert into Normal_Users_add_friend_Normal_Users values(1,'Karim_ismail@hotmail.com','Rana@hotmail.com')
insert into Normal_Users_add_friend_Normal_Users values(1,'katyperry@hotmail.com','abdokhaled30@hotmail.com')
insert into Normal_Users_add_friend_Normal_Users values(1,'Rana@hotmail.com','Rustom@hotmail.com')
insert into Normal_Users_add_friend_Normal_Users values(1,'Tag@hotmail.com','abdokhaled30@hotmail.com')
insert into Normal_Users_add_friend_Normal_Users values(0,'Rustom@hotmail.com','katyperry@hotmail.com')
insert into Normal_Users_add_friend_Normal_Users values(0,'abdokhaled30@hotmail.com','Elissa@hotmail.com')
insert into Normal_Users_add_friend_Normal_Users values(0,'Silm@hotmail.com','José@hotmail.com')
insert into Normal_Users_add_friend_Normal_Users values(0,'José@hotmail.com','Hazam_ayman@hotmail.com')
insert into Normal_Users_add_friend_Normal_Users values(1,'Hazam_ayman@hotmail.com','katyperry@hotmail.com')
insert into Normal_Users_add_friend_Normal_Users values(1,'katyperry@hotmail.com','Nazih@hotmail.com')
insert into Normal_Users_add_friend_Normal_Users values(0,'Nazih@hotmail.com','Rana@hotmail.com')
insert into Normal_Users_add_friend_Normal_Users values(1,'Mousa666@hotmail.com','Aty@gmail.com')
insert into Normal_Users_add_friend_Normal_Users values(0,'abdokhaled30@hotmail.com','José@hotmail.com')
insert into Normal_Users_add_friend_Normal_Users values(1,'Nazih@hotmail.com','Hazam_ayman@hotmail.com')
insert into Normal_Users_add_friend_Normal_Users values(null,'Nazih@hotmail.com','José@hotmail.com')
insert into Normal_Users_add_friend_Normal_Users values(null,'katyperry@hotmail.com','Silm@hotmail.com')
insert into Normal_Users_add_friend_Normal_Users values(null,'Rustom@hotmail.com','Mousa666@hotmail.com')
insert into Normal_Users_add_friend_Normal_Users values(null,'Elissa@hotmail.com','Aty@gmail.com')
insert into Normal_Users_add_friend_Normal_Users values(null,'abdokhaled30@hotmail.com','Karim_ismail@hotmail.com')
insert into Normal_Users_add_friend_Normal_Users values(null,'katyperry@hotmail.com','José@hotmail.com')
insert into Normal_Users_add_friend_Normal_Users values(null,'abdokhaled30@hotmail.com','shakira@hotmail.com')
insert into Normal_Users_add_friend_Normal_Users values(null,'abdokhaled30@hotmail.com','Mousa666@hotmail.com')
insert into Normal_Users_add_friend_Normal_Users values(null,'Rustom@hotmail.com','abdokhaled30@hotmail.com')
insert into Normal_Users_add_friend_Normal_Users values(null,'Aty@gmail.com','abdokhaled30@hotmail.com')

/*------------------------------------------------Insertion in table Normal_Users_Message_between_Users_Normal_Users-----------------------------------------------------*/
insert into Normal_Users_Message_between_Users_Normal_Users values('2015-2-2','I love you','Hazam_ayman@hotmail.com','katyperry@hotmail.com')
insert into Normal_Users_Message_between_Users_Normal_Users values('2015-2-2','No,go away','katyperry@hotmail.com','Hazam_ayman@hotmail.com')
insert into Normal_Users_Message_between_Users_Normal_Users values('2014-2-7','i loveee yoouuuu','Mousa666@hotmail.com','shakira@hotmail.com')
insert into Normal_Users_Message_between_Users_Normal_Users values('2014-2-7','i loveee u tooo','shakira@hotmail.com','Mousa666@hotmail.com')
insert into Normal_Users_Message_between_Users_Normal_Users values('2012-5-8','Abdo m3ak assignment el circuits','Tag@hotmail.com','abdokhaled30@hotmail.com')
insert into Normal_Users_Message_between_Users_Normal_Users values('2012-5-9','7aroh marco elnahrda hadhoolk','abdokhaled30@hotmail.com','Tag@hotmail.com')
insert into Normal_Users_Message_between_Users_Normal_Users values('2011-8-8','ya batel msh 7nnzl team m3 b3d :D','abdokhaled30@hotmail.com','Rustom@hotmail.com')
insert into Normal_Users_Message_between_Users_Normal_Users values('2011-8-8','m3lsh ya 3bdo ana 2tf2t m3 nas tanya','Rustom@hotmail.com','abdokhaled30@hotmail.com')
insert into Normal_Users_Message_between_Users_Normal_Users values('2011-8-8','enta ybni e7na msh mtf2een m3 b3d','abdokhaled30@hotmail.com','Rustom@hotmail.com')
insert into Normal_Users_Message_between_Users_Normal_Users values('2011-8-8','y3am 5las b2a','Rustom@hotmail.com','abdokhaled30@hotmail.com')
insert into Normal_Users_Message_between_Users_Normal_Users values('2011-8-8','el so7ab fi agaza','abdokhaled30@hotmail.com','Rustom@hotmail.com')
insert into Normal_Users_Message_between_Users_Normal_Users values('2010-1-7','7abeby ya aty','Mousa666@hotmail.com','Aty@gmail.com')
insert into Normal_Users_Message_between_Users_Normal_Users values('2010-1-7','7abeby ya mousa','Aty@gmail.com','Mousa666@hotmail.com')
insert into Normal_Users_Message_between_Users_Normal_Users values('2015-4-17','HI','José@hotmail.com','shakira@hotmail.com')

/*------------------------------------------------Insertion in table Development_Teams-----------------------------------------------------*/

insert into Development_Teams values('Ubi Soft','UBISOFT','1993-11-8','Ubisoft@hotmail.com')
insert into Development_Teams values('Activationstudio','Activation','2002-2-15','Activation@hotmail.com')
insert into Development_Teams values('SquareEinx_team','SquareEinx','2009-10-7','SquareEinx@hotmail.com')
insert into Development_Teams values('RockStar_team','Rock Star','1999-7-17','RockStar@hotmail.com')
insert into Development_Teams values('naughtdogstudio','naught dog','1997-5-23','naughtdog@hotmail.com')
insert into Development_Teams values('EA','Electronic ARTS','2005-8-12','EA@hotmail.com')

/*-----------------------------------------------------Insertion in table Verified_Reviewers--------------------------------------------------*/
insert into Verified_Reviewers values('Merna','Elawel',1,'Merna@hotmail.com')
insert into Verified_Reviewers values('Heba','Eltalet',3,'Heba@hotmail.com')
insert into Verified_Reviewers values('Maha','Elrab3',4,'Maha@hotmail.com')
insert into Verified_Reviewers values('Omnyya','koko',15,'Omnyya@hotmail.com')
insert into Verified_Reviewers values('Arwa','Fareid',6,'Arwa@hotmail.com')
insert into Verified_Reviewers values('Fadwa','fouad',8,'Fadwa@hotmail.com')
insert into Verified_Reviewers values('Nada','sharaf',13,'Nada@hotmail.com')
insert into Verified_Reviewers values('Charloine','chros',69,'chaloine@hotmail.com')
insert into Verified_Reviewers values('Hossam','tarek',0,'Hossam@hotmail.com')
insert into Verified_Reviewers values('Tarek','Tareeek',9,'tarek@hotmail.com')
insert into Verified_Reviewers values('Abdel-fatah','Elsisi',100,'elsisi@hotmail.com')
insert into Verified_Reviewers values('Ahmed','Kholi',23,'kholi@hotmail.com')
insert into Verified_Reviewers values('Ahmed','belal',10,'belal@hotmail.com')
insert into Verified_Reviewers values('Hossam','Galy',34,'Hossam_Galy@hotmail.com')
insert into Verified_Reviewers values('Mohamed','Aboterka',22,'Abo_treka@hotmail.com')


/*------------------------------------------------------Insertion in table Communities----------------------------------------------------*/

insert into Communities values('theme1','Arab_Gamesrs','A communtie to gather the arab players')
insert into Communities values('theme2','Arab_boys','A communtie to gather the arab players')
insert into Communities values('theme3','Hardcore _Gamesrs','A communtie to gathe the video Games lovers')
insert into Communities values('theme4','Fifa_lovers','A communtie to gather the football fans')
insert into Communities values('theme5','Action_Gamess','A communtie to gather the action lovers')

/*------------------------------------------------------Insertion in table Communities_create_Normal_Users---------------------------------------------------*/

insert into Communities_create_Normal_Users values(0,'theme1','Hazam_ayman@hotmail.com')
insert into Communities_create_Normal_Users values(1,'theme2','Mousa666@hotmail.com')
insert into Communities_create_Normal_Users values(1,'theme3','shakira@hotmail.com')
insert into Communities_create_Normal_Users values(1,'theme4','Tag@hotmail.com')
insert into Communities_create_Normal_Users values(0,'theme5','José@hotmail.com')

/*------------------------------------------------------Insertion in table Communities_join_Members---------------------------------------------------*/

insert into Communities_join_Members values('theme2','Hazam_ayman@hotmail.com')
insert into Communities_join_Members values('theme3','Hazam_ayman@hotmail.com')
insert into Communities_join_Members values('theme4','Hazam_ayman@hotmail.com')
insert into Communities_join_Members values('theme2','katyperry@hotmail.com')
insert into Communities_join_Members values('theme2','Tag@hotmail.com')
insert into Communities_join_Members values('theme3','Aty@gmail.com')
insert into Communities_join_Members values('theme3','José@hotmail.com')
insert into Communities_join_Members values('theme4','Elissa@hotmail.com')
insert into Communities_join_Members values('theme4','shakira@hotmail.com')
insert into Communities_join_Members values('theme3','Rana@hotmail.com')
insert into Communities_join_Members values('theme4','Rana@hotmail.com')
insert into Communities_join_Members values('theme3','Karim_ismail@hotmail.com')
insert into Communities_join_Members values('theme3','abdokhaled30@hotmail.com')

/*------------------------------------------------------Insertion in table Comunities_Topic_Members---------------------------------------------------*/

insert into Comunities_Topic_Members values('How i do that ?','I AM LOST','theme2','Nazih@hotmail.com')
insert into Comunities_Topic_Members values('How come ?','I in love','theme3','Aty@gmail.com')
insert into Comunities_Topic_Members values('what i do now ?','I AM hungry','theme4','Rana@hotmail.com')
insert into Comunities_Topic_Members values('Ana msh 3arfa haga ?','el donia 3erba','theme2','Rana@hotmail.com')



/*------------------------------------------------------Insertion in table Members_Topic_Comment_Topic---------------------------------------------------*/

insert into Members_Topic_Comment_Topic values('nicepic1','2015-11-23','theme2',1,'Merna@hotmail.com')
insert into Members_Topic_Comment_Topic values('ining topic','2013-8-7','theme2',1,'Nada@hotmail.com')
insert into Members_Topic_Comment_Topic values('boritopic','2015-5-7','theme3',2,'José@hotmail.com')
insert into Members_Topic_Comment_Topic values('bad tic4','2008-12-7','theme2',1,'naughtdog@hotmail.com')

/*------------------------------------------------------Insertion in table Conferences---------------------------------------------------*/

insert into Conferences values('Mahraggan El sh3abb','2015-11-23 12:00:00','2015-11-28 23:00:00','1166 square')
insert into Conferences values('New year','2015-11-23 12:00:00','2015-11-28 23:00:00','newyork')
insert into Conferences values('Arabic Summit','2015-11-23 12:00:00','2015-11-28 23:00:00','cairo')
insert into Conferences values('Media Press','2015-11-23 12:00:00','2015-12-28 23:00:00','berlin')
insert into Conferences values('Academy Awards','2015-11-23 12:00:00','2015-11-28 23:00:00','california')
insert into Conferences values('United Nation','2015-11-23 12:00:00','2015-11-28 23:00:00','newyork')
insert into Conferences values('Fashion','2015-9-23 12:00:00','2015-10-28 23:00:00','paris')
insert into Conferences values('Biophysics','2015-11-23 12:00:00','2015-11-28 23:00:00','london')
insert into Conferences values('cannes festival','2014-11-23 12:00:00','2014-11-25 23:00:00','cannes')
insert into Conferences values('Manchester United','2015-11-23 12:00:00','2015-11-28 23:00:00','manchester')

/*-------------------------------------------------Insertion in table Conferences_Attend_Members-------------------------------------*/

insert into Conferences_Attend_Members values('Hazam_ayman@hotmail.com',1)
insert into Conferences_Attend_Members values('Karim_ismail@hotmail.com',2)
insert into Conferences_Attend_Members values('Omnyya@hotmail.com',6)
insert into Conferences_Attend_Members values('Omnyya@hotmail.com',3)
insert into Conferences_Attend_Members values('Omnyya@hotmail.com',2)
insert into Conferences_Attend_Members values('katyperry@hotmail.com',7)
insert into Conferences_Attend_Members values('Hossam_Galy@hotmail.com',8)
insert into Conferences_Attend_Members values('Abo_treka@hotmail.com',9)
insert into Conferences_Attend_Members values('Rustom@hotmail.com',10)
insert into Conferences_Attend_Members values('RockStar@hotmail.com',3)
insert into Conferences_Attend_Members values('RockStar@hotmail.com',1)
insert into Conferences_Attend_Members values('Ubisoft@hotmail.com',5)
insert into Conferences_Attend_Members values('EA@hotmail.com',9)
insert into Conferences_Attend_Members values('RockStar@hotmail.com',2)
insert into Conferences_Attend_Members values('EA@hotmail.com',2)
insert into Conferences_Attend_Members values('EA@hotmail.com',6)
insert into Conferences_Attend_Members values('Hazam_ayman@hotmail.com',2)
insert into Conferences_Attend_Members values('Hazam_ayman@hotmail.com',3)
insert into Conferences_Attend_Members values('Hazam_ayman@hotmail.com',4)
insert into Conferences_Attend_Members values('Hossam_Galy@hotmail.com',5)
insert into Conferences_Attend_Members values('Hossam_Galy@hotmail.com',2)


/*----------------------------------------------Insertion in table Conferences_Conference_Reviews_Members----------------------------------*/

insert into Conferences_Conference_Reviews_Members values('New GAMES','new Games','2004-11-23',4,'Ubisoft@hotmail.com')
insert into Conferences_Conference_Reviews_Members values('NEW ITEMS','new platform','2005-11-23 ',1,'katyperry@hotmail.com')
insert into Conferences_Conference_Reviews_Members values('This year is awsome','new Games','2015-11-23',2,'Rana@hotmail.com')
insert into Conferences_Conference_Reviews_Members values('SHIT','new platform','2013-11-23',7,'Abo_treka@hotmail.com')
insert into Conferences_Conference_Reviews_Members values('OVER 9000','new shits','2015-2-23 ',3,'Hossam_Galy@hotmail.com')
insert into Conferences_Conference_Reviews_Members values('Good loards','new Gamess','2015-11-23',5,'Aty@gmail.com')
insert into Conferences_Conference_Reviews_Members values('silm is good','good news','2015-11-23 ',4,'RockStar@hotmail.com')
insert into Conferences_Conference_Reviews_Members values('yla now','good news','2015-11-23 ',7,'Hazam_ayman@hotmail.com')


/*-------------------------------------------Insertion in table Conference_Review_Conference_Reviews_Comment_Members----------------------------------*/

insert into Conference_Review_Conference_Reviews_Comment_Members values('iam happy',1,4,'Heba@hotmail.com')
insert into Conference_Review_Conference_Reviews_Comment_Members values('i am sad',4,7,'Heba@hotmail.com')
insert into Conference_Review_Conference_Reviews_Comment_Members values('iam desspereed',3,2,'Heba@hotmail.com')
insert into Conference_Review_Conference_Reviews_Comment_Members values('iam desspereed',6,5,'Hazam_ayman@hotmail.com')
insert into Conference_Review_Conference_Reviews_Comment_Members values('iam desspereed',1,4,'Elissa@hotmail.com')
insert into Conference_Review_Conference_Reviews_Comment_Members values('i am sad',2,1,'Fadwa@hotmail.com')
insert into Conference_Review_Conference_Reviews_Comment_Members values('i am sad',8,7,'RockStar@hotmail.com')
insert into Conference_Review_Conference_Reviews_Comment_Members values('iam happy',2,1,'belal@hotmail.com')

/*-------------------------------------------Insertion in table Games----------------------------------*/

insert into Games values ('Assassins Creed Syndicate', '2015-1-30',9,10,'Ubisoft@hotmail.com',1)
insert into Games values ('The last of us', '2015-2-1',8,12,'Ubisoft@hotmail.com',2)
insert into Games values ('Rugby 15', '2015-3-23',7,5,'EA@hotmail.com',3)
insert into Games values ('Watch Dogs', '2014-2-4',8,11,'EA@hotmail.com',4)
insert into Games values ('MotoGP14', '2014-5-16',4,6,'Activation@hotmail.com',2)
insert into Games values ('CallOfDuty BlackOps III', '2015-6-29',3,13,'Activation@hotmail.com',3)
insert into Games values ('NeedForSpeed', '2015-7-7',10,7,'SquareEinx@hotmail.com',4)
insert into Games values ('Pokemon Super Mystery Dungeon', '2014-8-19',1,4,'naughtdog@hotmail.com',1)
insert into Games values ('Naruto Storn 4', '2015-9-5',6,3,'RockStar@hotmail.com',2)
insert into Games values ('Batman Arkham Night', '2015-10-12',5,4,'SquareEinx@hotmail.com',3)
insert into Games values ('FIFA 15', '2015-11-15',6,15,'naughtdog@hotmail.com',4)
insert into Games values ('Sniper Elite III', '2015-12-10',9,18,'RockStar@hotmail.com',1)

/*-------------------------------------------Insertion in table Screenshots----------------------------------*/
insert into Screenshots values ('while playing','2014-2-2',1)
insert into Screenshots values ('while playing','2003-2-2',4)
insert into Screenshots values ('new charater','2014-2-2',4)
insert into Screenshots values ('new item','2014-2-2',3)
insert into Screenshots values ('new weapon','2014-2-2',1)
insert into Screenshots values ('need help','2011-2-2',8)

/*-------------------------------------------Insertion in table Videos----------------------------------*/
insert into Videos values ('while playing','2014-2-2',1)
insert into Videos values ('while playing','2015-2-2',2)
insert into Videos values ('while playing','2003-2-2',4)
insert into Videos values ('new charater','2014-2-2',4)
insert into Videos values ('new item','2014-2-2',3)
insert into Videos values ('new weapon','2014-2-2',1)
insert into Videos values ('need help','2011-2-2',8)

/*-------------------------------------------Insertion in table Action_Games----------------------------------*/

insert into Action_Games values ('Need for Speed: Rivals stands to race',7)
insert into Action_Games values ('Batman:Batman faces enemies',10)
insert into Action_Games values ('AssassinsCreedIV:Black Flag is a historical game',1)

/*-------------------------------------------Insertion in table Strategy_Games----------------------------------*/

insert into Strategy_Games values (0,9)
insert into Strategy_Games values (0,2)
insert into Strategy_Games values (1,4)

/*-------------------------------------------Insertion in table  Sport_Games----------------------------------*/

insert into  Sport values('MotorCycles',5)
insert into  Sport values('Rugby',3)
insert into  Sport values('Soccer',11)

/*-------------------------------------------Insertion in table RPG_Games----------------------------------*/

insert into RPG values('SniperEliteV2: Players go to North African conflict',0,12)
insert into RPG values('Pokémon:capturing to use them to battle other trainers',0,8)
insert into RPG values('CallofDuty:is a first-person shooter',1,9)

/*-------------------------------------------Insertion in table Games_Rate_Members----------------------------------*/

insert into Games_Rate_Members values(1,10,4,5,3,'abdokhaled30@hotmail.com')
insert into Games_Rate_Members values(0,5,2,9,2,'Mousa666@hotmail.com')
insert into Games_Rate_Members values(1,8,8,9,6,'Hazam_ayman@hotmail.com')
insert into Games_Rate_Members values(1,1,1,1,3,'Karim_ismail@hotmail.com')
insert into Games_Rate_Members values(0,9,9,9,8,'Mousa666@hotmail.com')
insert into Games_Rate_Members values(0,7,7,1,3,'Mousa666@hotmail.com')
insert into Games_Rate_Members values(0,6,2,7,3,'Mousa666@hotmail.com')
insert into Games_Rate_Members values(0,7,4,7,9,'José@hotmail.com')
insert into Games_Rate_Members values(0,7,7,7,6,'José@hotmail.com')
insert into Games_Rate_Members values(0,7,4,5,6,'Rana@hotmail.com')
insert into Games_Rate_Members values(0,7,2,7,5,'Rana@hotmail.com')
insert into Games_Rate_Members values(0,7,8,9,3,'José@hotmail.com')

/*-------------------------------------------Insertion in table Games_Game_Reviews_Verified_Reviewers----------------------------------*/


insert into Games_Game_Reviews_Verified_Reviewers values('we7shaa','2007-3-12',4,'Heba@hotmail.com')
insert into Games_Game_Reviews_Verified_Reviewers values('7elwaa','2005-6-9',3,'Maha@hotmail.com')
insert into Games_Game_Reviews_Verified_Reviewers values('gamilaa','2013-8-12',2,'Omnyya@hotmail.com')
insert into Games_Game_Reviews_Verified_Reviewers values('we7shaa','2004-2-12',2,'tarek@hotmail.com')
insert into Games_Game_Reviews_Verified_Reviewers values('we7shaa','1995-1-25',7,'belal@hotmail.com')
insert into Games_Game_Reviews_Verified_Reviewers values('we7shaa','1995-6-8',1,'Abo_treka@hotmail.com')
insert into Games_Game_Reviews_Verified_Reviewers values('7elwaa','2005-6-9',5,'Maha@hotmail.com')
insert into Games_Game_Reviews_Verified_Reviewers values('gamilaa','2013-8-12',3,'Omnyya@hotmail.com')
insert into Games_Game_Reviews_Verified_Reviewers values('we7shaa','2007-2-12',1,'tarek@hotmail.com')
insert into Games_Game_Reviews_Verified_Reviewers values('we7shaa','2004-2-12',9,'tarek@hotmail.com')
insert into Games_Game_Reviews_Verified_Reviewers values('good','2007-2-8',4,'tarek@hotmail.com')
insert into Games_Game_Reviews_Verified_Reviewers values('fair','2003-2-12',10,'tarek@hotmail.com')
insert into Games_Game_Reviews_Verified_Reviewers values('fair','2003-2-12',8,'tarek@hotmail.com')
insert into Games_Game_Reviews_Verified_Reviewers values('bad','2004-2-11',5,'tarek@hotmail.com')
insert into Games_Game_Reviews_Verified_Reviewers values('ay haga','2004-2-12',6,'tarek@hotmail.com')
insert into Games_Game_Reviews_Verified_Reviewers values('not good','2008-2-12',7,'tarek@hotmail.com')
insert into Games_Game_Reviews_Verified_Reviewers values('avaragee','2004-2-12',12,'tarek@hotmail.com')
insert into Games_Game_Reviews_Verified_Reviewers values('we7shaa','2008-2-12',11,'tarek@hotmail.com')



/*-------------------------------------------Insertion in table Game_Reviews_Game_Review_Comments_Members----------------------------------*/

insert into Game_Reviews_Game_Review_Comments_Members values('avaragee',1,4)
insert into Game_Reviews_Game_Review_Comments_Members values('gamilaa',4,2)
insert into Game_Reviews_Game_Review_Comments_Members values('we7shaa',4,2)
insert into Game_Reviews_Game_Review_Comments_Members values('we7shaa',6,1)
insert into Game_Reviews_Game_Review_Comments_Members values('avaragee',5,7)
insert into Game_Reviews_Game_Review_Comments_Members values('not good',6,1)
insert into Game_Reviews_Game_Review_Comments_Members values('not good',6,1)
insert into Game_Reviews_Game_Review_Comments_Members values('7elwaa',6,1)
insert into Game_Reviews_Game_Review_Comments_Members values('bad',15,6)
insert into Game_Reviews_Game_Review_Comments_Members values('gamilaa',15,6)
insert into Game_Reviews_Game_Review_Comments_Members values('7elwaa',15,6)
insert into Game_Reviews_Game_Review_Comments_Members values('not good',13,8)
insert into Game_Reviews_Game_Review_Comments_Members values('7elwaa',14,5)
insert into Game_Reviews_Game_Review_Comments_Members values('gamilaa',12,10)
insert into Game_Reviews_Game_Review_Comments_Members values('not good',13,8)
insert into Game_Reviews_Game_Review_Comments_Members values('7elwaa',13,8)
insert into Game_Reviews_Game_Review_Comments_Members values('avaragee',13,8)
insert into Game_Reviews_Game_Review_Comments_Members values('7elwaa',12,10)
insert into Game_Reviews_Game_Review_Comments_Members values('we7shaa',18,11)
insert into Game_Reviews_Game_Review_Comments_Members values('we7shaa',15,6)
insert into Game_Reviews_Game_Review_Comments_Members values('7elwaa',13,8)
insert into Game_Reviews_Game_Review_Comments_Members values('bad',12,10)
insert into Game_Reviews_Game_Review_Comments_Members values('gamilaa',12,10)
insert into Game_Reviews_Game_Review_Comments_Members values('7elwaa',18,11)
insert into Game_Reviews_Game_Review_Comments_Members values('bad',18,11)
insert into Game_Reviews_Game_Review_Comments_Members values('7elwaa',18,11)
insert into Game_Reviews_Game_Review_Comments_Members values('gamilaa',15,6)
insert into Game_Reviews_Game_Review_Comments_Members values('bad',13,8)
insert into Game_Reviews_Game_Review_Comments_Members values('avaragee',14,5)
insert into Game_Reviews_Game_Review_Comments_Members values('avaragee',17,12)
insert into Game_Reviews_Game_Review_Comments_Members values('avaragee',17,12)
insert into Game_Reviews_Game_Review_Comments_Members values('bad',17,12)
insert into Game_Reviews_Game_Review_Comments_Members values('7elwaa',10,9)
insert into Game_Reviews_Game_Review_Comments_Members values('we7shaa',14,5)
insert into Game_Reviews_Game_Review_Comments_Members values('bad',14,5)
insert into Game_Reviews_Game_Review_Comments_Members values('we7shaa',14,5)
insert into Game_Reviews_Game_Review_Comments_Members values('we7shaa',1,4)
insert into Game_Reviews_Game_Review_Comments_Members values('we7shaa',1,4)
insert into Game_Reviews_Game_Review_Comments_Members values('bad',2,3)
insert into Game_Reviews_Game_Review_Comments_Members values('wdsasda',1,4)
insert into Game_Reviews_Game_Review_Comments_Members values('bad',8,3)
insert into Game_Reviews_Game_Review_Comments_Members values('gamilaa',5,7)
insert into Game_Reviews_Game_Review_Comments_Members values('gamilaa',4,2)
insert into Game_Reviews_Game_Review_Comments_Members values('gamilaa',9,1)
insert into Game_Reviews_Game_Review_Comments_Members values('gamilaa',16,7)
/*-------------------------------------------Insertion in table Conferences_Presents_Development_Teams_Games----------------------------------*/
insert into Conferences_Presents_Development_Teams_Games values(2,'EA@hotmail.com',3)
insert into Conferences_Presents_Development_Teams_Games values(3,'EA@hotmail.com',7)
insert into Conferences_Presents_Development_Teams_Games values(2,'RockStar@hotmail.com',2)



/*-------------------------------------------Insertion in table Games_Recommended_Normal_Users----------------------------*/

insert into Games_Recommended_Normal_Users values('abdokhaled30@hotmail.com','Aty@gmail.com',2)
insert into Games_Recommended_Normal_Users values('Aty@gmail.com','abdokhaled30@hotmail.com',3)
insert into Games_Recommended_Normal_Users values('Silm@hotmail.com','Karim_ismail@hotmail.com',1)
insert into Games_Recommended_Normal_Users values('Mousa666@hotmail.com','Rana@hotmail.com',8)
insert into Games_Recommended_Normal_Users values('José@hotmail.com','Mousa666@hotmail.com',7)
insert into Games_Recommended_Normal_Users values('José@hotmail.com','Mousa666@hotmail.com',1)
insert into Games_Recommended_Normal_Users values('José@hotmail.com','Mousa666@hotmail.com',12)
insert into Games_Recommended_Normal_Users values('Aty@gmail.com','abdokhaled30@hotmail.com',2)
insert into Games_Recommended_Normal_Users values('Mousa666@hotmail.com','Rana@hotmail.com',12)
insert into Games_Recommended_Normal_Users values('José@hotmail.com','Mousa666@hotmail.com',9)
insert into Games_Recommended_Normal_Users values('José@hotmail.com','Mousa666@hotmail.com',6)
insert into Games_Recommended_Normal_Users values('Aty@gmail.com','abdokhaled30@hotmail.com',5)
insert into Games_Recommended_Normal_Users values('Mousa666@hotmail.com','Rana@hotmail.com',5)
insert into Games_Recommended_Normal_Users values('abdokhaled30@hotmail.com','Aty@gmail.com',4)
insert into Games_Recommended_Normal_Users values('Aty@gmail.com','abdokhaled30@hotmail.com',1)
insert into Games_Recommended_Normal_Users values('Silm@hotmail.com','Karim_ismail@hotmail.com',7)
insert into Games_Recommended_Normal_Users values('Tag@hotmail.com','Karim_ismail@hotmail.com',7)
insert into Games_Recommended_Normal_Users values('Hatem@hotmail.com','Tag@hotmail.com',10)
insert into Games_Recommended_Normal_Users values('Rustom@hotmail.com','Hatem@hotmail.com',10)
insert into Games_Recommended_Normal_Users values('katyperry@hotmail.com','Hatem@hotmail.com',11)
insert into Games_Recommended_Normal_Users values('katyperry@hotmail.com','Rana@hotmail.com',11)
insert into Games_Recommended_Normal_Users values('Rustom@hotmail.com','Rana@hotmail.com',7)
insert into Games_Recommended_Normal_Users values('Rustom@hotmail.com','Rana@hotmail.com',12)
insert into Games_Recommended_Normal_Users values('Rustom@hotmail.com','Rana@hotmail.com',6)
insert into Games_Recommended_Normal_Users values('Rustom@hotmail.com','Rana@hotmail.com',5)




/*-------------------------------------------Insertion in table System_Administrators----------------------------*/

insert into System_Administrators values('Adel@hotmail.com','Adel','emam')

/*-------------------------------------------Insertion in table Development_Teams_Verify_System_Administrators----------------------------*/

insert into Development_Teams_Verify_System_Administrators values(0,1,'RockStar@hotmail.com')
insert into Development_Teams_Verify_System_Administrators values(1,1,'EA@hotmail.com')
insert into Development_Teams_Verify_System_Administrators values(0,1,'naughtdog@hotmail.com')


/*-------------------------------------------Insertion in table System_Administrators_Verify_Verified_Reviewers----------------------------*/
insert into System_Administrators_Verify_Verified_Reviewers values(0,1,'belal@hotmail.com')
insert into System_Administrators_Verify_Verified_Reviewers values(1,1,'kholi@hotmail.com')
insert into System_Administrators_Verify_Verified_Reviewers values(0,1,'Nada@hotmail.com')
insert into System_Administrators_Verify_Verified_Reviewers values(1,1,'Arwa@hotmail.com')














